study_id,bpd_mm,hc_mm,ac_mm,fl_mm,device_manufacturer,sonographer_id,image_path
STU-00313,55.9,194.5,57.7,29.0,Canon Medical,SG-15,/scans/2024/06/STU-00313_01.png
STU-00415 ,53.6,188.6,57.2,34.0,PHILIPS,SG-12,/scans/2024/05/STU-00415 _03.png
STU-00406,41.3,139.5,38.0,16.7,Philips,SG-13,/scans/2025/10/STU-00406_03.png
STU-00400,60.4,213.2,63.4,34.8,canon medical,SG-11,/scans/2025/11/STU-00400_01.png
STU-00196,61.7,211.1,60.3,31.5,Canon,SG-09,/scans/2025/02/STU-00196_03.png
STU-00269,65.5,225.9,64.9,35.7,GE,SG-15,/scans/2025/10/STU-00269_02.png
STU-00202,52.8,185.5,58.1,27.8,Philips,SG-05,/scans/2025/03/STU-00202_02.png
STU-00308,67.7,238.9,61.5,36.9,Philips Healthcare,SG-15,
STU-00433,61.4,217.7,60.8,38.3,Philips,SG-08,/scans/2025/04/STU-00433_01.png
STU-00323,77.6,259.8,82.7,45.7,PHILIPS,SG-11,/scans/2024/06/STU-00323_02.png
STU-00376,55.0,191.2,64.5,30.9,philips,SG-14,/scans/2025/10/STU-00376_02.png
STU-00266,52.9,181.6,51.2,27.6,Samsung Medison,SG-10,/scans/2024/11/STU-00266_03.png
STU-00021,69.4,250.8,79.4,36.1,Canon Medical,SG-14,/scans/2024/03/STU-00021_03.png
STU-00207,50.8,175.7,40.7,27.1,GE Healthcare,SG-02,/scans/2024/12/STU-00207_03.png
STU-00152,44.2,155.3,45.8,25.0,Philips Healthcare,SG-14,/scans/2024/11/STU-00152_02.png
STU-00449,62.5,214.7,57.6,33.5,samsung,SG-12,/scans/2024/09/STU-00449_03.png
STU-00293,67.6,239.2,79.1,34.4,Canon,SG-07,/scans/2025/11/STU-00293_02.png
STU-00163,47.2,160.5,43.4,28.1,canon medical,SG-15,/scans/2024/06/STU-00163_02.png
STU-00427,52.8,181.1,57.2,25.0,Canon,SG-11,/scans/2024/03/STU-00427_01.png
STU-00248,70.4,241.4,65.6,39.4,Philips,SG-13,/scans/2025/08/STU-00248_03.png
STU-00074,71.2,252.1,81.7,42.7,Philips Healthcare,SG-15,/scans/2024/01/STU-00074_02.png
STU-00179,81.6,287.5,87.3,47.0,philips,SG-03,/scans/2025/02/STU-00179_02.png
STU-00278,66.4,228.4,69.1,38.3,samsung,SG-13,/scans/2024/04/STU-00278_03.png
STU-00034,70.6,248.5,82.9,44.9,Philips Healthcare,SG-05,/scans/2025/08/STU-00034_02.png
STU-00331,67.6,236.1,76.2,42.7,Canon Medical,SG-05,/scans/2025/01/STU-00331_03.png
STU-00089,62.1,219.6,67.7,32.1,Samsung,SG-10,/scans/2024/12/STU-00089_01.png
STU-00263,52.7,181.2,50.7,27.0,ge healthcare,SG-15,/scans/2024/12/STU-00263_01.png
STU-00122,73.4,262.3,76.8,42.3,Samsung Medison,SG-06,/scans/2024/03/STU-00122_02.png
STU-00161,75.4,263.5,82.9,42.1,Philips Healthcare,SG-05,/scans/2024/12/STU-00161_02.png
STU-00298,56.4,195.5,60.1,26.2,Samsung,SG-14,/scans/2024/12/STU-00298_03.png
STU-00428,46.0,163.6,45.0,30.2,ge healthcare,SG-03,/scans/2024/05/STU-00428_01.png
STU-00277,60.5,209.7,67.2,36.5,PHILIPS,SG-01,
STU-00082 ,61.9,215.2,65.9,32.5,ge healthcare,SG-09,/scans/2024/04/STU-00082 _03.png
STU-00251,85.2,294.9,85.5,48.3,GE,SG-04,/scans/2025/03/STU-00251_03.png
STU-00348,59.4,209.7,58.5,33.3,Canon Medical,SG-06,/scans/2024/01/STU-00348_03.png
STU-00176,63.0,217.8,65.0,34.6,samsung,SG-08,/scans/2025/11/STU-00176_02.png
STU-00167,54.3,186.1,54.2,28.7,Canon,SG-05,/scans/2025/04/STU-00167_02.png
STU00013,89.2,311.6,95.1,57.3,GE Healthcare,SG-06,/scans/2024/04/STU00013_02.png
STU00389,58.7,207.1,60.6,33.6,Philips Healthcare,SG-09,/scans/2025/06/STU00389_01.png
STU-00124,60.5,212.5,57.8,36.2,canon medical,SG-05,/scans/2025/07/STU-00124_02.png
STU-00283,54.7,197.0,56.9,24.5,Samsung,SG-11,/scans/2025/04/STU-00283_03.png
STU-00201,40.2,140.9,36.8,17.0,Samsung Medison,SG-05,
STU-00072 ,76.4,268.1,73.1,42.9,Canon,SG-07,/scans/2024/08/STU-00072 _02.png
STU-00003,27.6,99.0,31.4,15.5,Samsung,SG-08,/scans/2024/06/STU-00003_02.png
STU-00026,78.2,268.8,81.0,47.9,GE Healthcare,SG-01,/scans/2024/12/STU-00026_01.png
STU-00349,65.8,225.5,67.8,39.2,Canon Medical,SG-02,/scans/2025/11/STU-00349_03.png
STU-00448,60.5,215.0,61.3,34.6,GE,SG-13,/scans/2025/04/STU-00448_02.png
STU-00326,58.9,209.2,62.4,32.8,Canon,SG-13,/scans/2025/06/STU-00326_03.png
STU-00424,64.3,222.6,74.3,36.8,Samsung Medison,SG-10,/scans/2024/06/STU-00424_02.png
STU-00356,45.0,151.0,42.1,23.5,GE,SG-05,/scans/2025/05/STU-00356_02.png
STU-00239,63.5,220.9,64.0,38.2,samsung,SG-02,/scans/2024/10/STU-00239_03.png
STU-00329,60.6,219.6,55.6,32.6,Samsung,SG-07,/scans/2024/01/STU-00329_03.png
STU-00250,59.3,203.6,58.2,30.4,Canon Medical,SG-01,/scans/2024/04/STU-00250_02.png
STU-00260,60.6,220.2,53.4,29.8,canon medical,SG-12,/scans/2025/09/STU-00260_03.png
STU00136,74.9,262.5,80.2,41.7,samsung,SG-14,/scans/2025/12/STU00136_02.png
STU-00059,49.3,178.8,55.2,30.6,ge healthcare,SG-13,/scans/2025/02/STU-00059_03.png
STU-00057,81.6,287.2,80.9,45.7,Philips Healthcare,SG-07,/scans/2025/10/STU-00057_02.png
STU-00025,69.8,246.8,78.6,41.4,G.E. Healthcare,SG-03,/scans/2025/05/STU-00025_01.png
STU-00365,50.3,180.6,55.9,32.0,Samsung Medison,SG-03,/scans/2024/05/STU-00365_02.png
STU-00368,76.2,266.2,83.4,40.7,ge healthcare,SG-08,/scans/2024/01/STU-00368_01.png
stu-00113,55.0,194.6,59.7,28.0,GE Healthcare,SG-01,/scans/2025/05/stu-00113_03.png
STU-00181,53.6,184.2,61.2,34.0,philips,SG-10,/scans/2024/04/STU-00181_01.png
STU-00008,44.2,161.3,44.1,22.1,G.E. Healthcare,SG-11,/scans/2025/10/STU-00008_03.png
STU-00398,76.4,261.0,78.3,48.7,Canon,SG-14,/scans/2025/03/STU-00398_03.png
STU-00289,88.6,311.5,90.5,51.5,G.E. Healthcare,SG-11,/scans/2025/12/STU-00289_02.png
STU-00071,74.7,259.7,83.9,44.3,philips,SG-07,/scans/2024/05/STU-00071_03.png
STU-00183,87.9,310.6,94.6,55.6,samsung,SG-09,/scans/2025/01/STU-00183_01.png
STU-00258,53.6,192.5,51.1,27.2,samsung,SG-10,/scans/2024/05/STU-00258_02.png
STU-00314,76.4,264.3,80.0,46.1,Canon Medical,SG-02,/scans/2024/01/STU-00314_02.png
STU-00029,65.5,229.2,62.2,37.4,samsung,SG-02,/scans/2025/01/STU-00029_01.png
stu-00347,33.9,122.3,28.4,18.5,Samsung Medison,SG-05,/scans/2025/01/stu-00347_03.png
STU-00396,69.4,245.2,72.9,43.3,ge healthcare,SG-09,/scans/2024/05/STU-00396_01.png
STU-00171,55.6,198.8,59.2,27.1,samsung,SG-01,/scans/2025/08/STU-00171_03.png
STU-00211,76.6,260.3,71.7,40.0,Canon,SG-12,/scans/2024/07/STU-00211_03.png
STU-00275 ,70.8,245.6,73.2,42.9,samsung,SG-13,/scans/2025/11/STU-00275 _02.png
STU-00238,76.7,276.7,83.7,49.8,philips,SG-08,/scans/2025/07/STU-00238_02.png
STU-00355,77.2,274.7,77.8,45.4,G.E. Healthcare,SG-02,/scans/2024/11/STU-00355_03.png
STU-00197,61.8,212.3,59.7,35.8,Samsung Medison,SG-10,/scans/2024/01/STU-00197_02.png
STU-00094,68.4,239.7,73.0,43.6,canon medical,SG-03,/scans/2025/03/STU-00094_02.png
STU-00369,59.9,208.2,67.0,36.1,Canon Medical,SG-03,/scans/2025/08/STU-00369_01.png
STU-00247,57.1,204.3,58.1,31.0,canon medical,SG-09,/scans/2024/05/STU-00247_02.png
STU-00354,70.5,241.7,75.8,44.2,ge healthcare,SG-04,/scans/2024/11/STU-00354_02.png
STU-00425,78.0,274.2,87.4,43.4,G.E. Healthcare,SG-04,/scans/2024/10/STU-00425_03.png
STU-00297,59.2,209.0,63.0,36.0,Samsung Medison,SG-13,/scans/2025/06/STU-00297_01.png
STU-00118,76.0,270.1,79.5,49.0,ge healthcare,SG-04,/scans/2025/12/STU-00118_01.png
STU-00194 ,74.2,266.2,80.7,44.2,Philips Healthcare,SG-10,/scans/2024/04/STU-00194 _03.png
STU-00075,83.7,295.5,90.8,48.7,canon medical,SG-09,
STU-00039,43.5,150.4,44.0,25.2,GE,SG-15,/scans/2024/11/STU-00039_02.png
STU-00397,61.7,215.8,69.6,31.9,philips,SG-03,/scans/2024/01/STU-00397_02.png
STU-00410,52.6,188.2,60.5,29.8,philips,SG-11,/scans/2024/12/STU-00410_01.png
STU-00416,63.4,223.5,55.6,33.4,canon medical,SG-06,/scans/2024/10/STU-00416_01.png
STU-00242,60.6,205.0,69.0,38.2,samsung,SG-12,/scans/2024/03/STU-00242_01.png
STU-00234,58.3,206.8,69.0,34.6,Canon,SG-12,/scans/2025/12/STU-00234_01.png
STU-00191,72.5,256.6,76.8,44.2,Samsung Medison,SG-10,/scans/2024/05/STU-00191_03.png
STU-00032,64.3,229.9,67.3,41.5,Samsung,SG-06,/scans/2024/09/STU-00032_01.png
STU-00147,58.3,207.7,59.0,35.9,Philips,SG-12,/scans/2024/04/STU-00147_03.png
STU-00073,79.9,282.9,84.3,48.3,Philips Healthcare,SG-04,/scans/2024/07/STU-00073_01.png
STU-00290,64.2,223.5,69.9,33.7,samsung,SG-11,/scans/2024/05/STU-00290_03.png
STU-00011,61.6,220.5,53.0,33.7,PHILIPS,SG-13,/scans/2024/05/STU-00011_02.png
STU-00236 ,51.7,175.3,60.7,28.9,GE,SG-11,/scans/2025/04/STU-00236 _01.png
STU-00042,53.6,184.4,53.2,29.9,ge healthcare,SG-15,/scans/2025/05/STU-00042_03.png
STU-00018,48.0,164.8,48.2,26.7,Samsung Medison,SG-05,/scans/2024/07/STU-00018_01.png
STU-00422,72.1,252.1,83.6,43.5,G.E. Healthcare,SG-02,/scans/2025/08/STU-00422_01.png
STU-00206,58.2,203.7,60.1,30.4,canon medical,SG-03,/scans/2024/03/STU-00206_01.png
STU-00182,79.3,281.9,80.1,48.9,GE,SG-07,/scans/2024/05/STU-00182_03.png
STU-00165,62.3,227.7,67.4,38.5,canon medical,SG-12,/scans/2024/12/STU-00165_03.png
STU-00414 ,59.9,207.0,58.6,33.5,GE,SG-01,/scans/2025/03/STU-00414 _01.png
STU-00338,39.3,137.3,49.6,24.6,samsung,SG-13,/scans/2024/05/STU-00338_01.png
STU-00170,70.7,244.7,73.8,37.5,Samsung Medison,SG-01,/scans/2024/03/STU-00170_02.png
STU-00105,72.0,254.7,69.0,39.6,Samsung,SG-07,/scans/2025/10/STU-00105_01.png
STU-00134,74.3,254.4,77.3,40.2,philips,SG-13,/scans/2024/09/STU-00134_01.png
STU-00244,58.1,205.7,66.8,34.4,Philips Healthcare,SG-05,/scans/2024/01/STU-00244_02.png
STU-00044,74.3,269.0,74.2,47.5,GE,SG-05,/scans/2024/12/STU-00044_03.png
STU-00190,67.9,235.2,68.1,41.1,Philips Healthcare,SG-14,/scans/2024/06/STU-00190_02.png
STU-00031,78.8,276.4,77.8,39.6,canon medical,SG-12,/scans/2025/02/STU-00031_03.png
 STU-00434,75.6,264.5,81.3,45.8,Samsung,SG-04,/scans/2025/01/ STU-00434_03.png
STU-00213,53.4,188.4,50.4,28.6,canon medical,SG-09,/scans/2024/10/STU-00213_01.png
STU-00412,51.9,172.0,59.4,27.6,Samsung,SG-05,/scans/2024/12/STU-00412_01.png
STU-00148,73.4,257.9,76.9,44.4,G.E. Healthcare,SG-05,/scans/2024/08/STU-00148_02.png
STU-00226,71.5,252.2,66.7,40.5,Philips,SG-01,/scans/2025/05/STU-00226_02.png
STU-00265,58.3,202.6,55.8,32.5,GE,SG-03,/scans/2025/12/STU-00265_02.png
STU-00312,83.6,294.3,82.1,48.0,Philips Healthcare,SG-05,/scans/2025/09/STU-00312_03.png
STU-00318,81.6,283.3,80.9,50.1,G.E. Healthcare,SG-14,/scans/2025/07/STU-00318_02.png
STU-00390,56.2,189.3,49.9,25.9,samsung,SG-08,/scans/2025/12/STU-00390_02.png
STU-00299,48.9,170.4,44.2,24.6,Canon Medical,SG-08,/scans/2025/04/STU-00299_02.png
STU-00070,64.1,218.0,62.0,38.6,Samsung,SG-13,/scans/2024/03/STU-00070_01.png
STU-00188,72.4,254.5,80.1,44.0,samsung,SG-12,/scans/2025/05/STU-00188_03.png
STU-00166,83.1,282.7,86.9,48.7,Canon Medical,SG-03,
STU-00200,62.2,217.1,70.7,38.5,Philips,SG-04,/scans/2025/03/STU-00200_03.png
STU-00099,79.4,281.8,80.2,44.2,ge healthcare,SG-11,/scans/2024/10/STU-00099_01.png
STU-00337,60.5,207.5,62.5,36.0,ge healthcare,SG-11,/scans/2025/12/STU-00337_01.png
STU-00340,54.5,191.5,52.4,29.1,Samsung Medison,SG-01,/scans/2024/07/STU-00340_02.png
STU00004,45.5,159.7,42.1,25.4,ge healthcare,SG-06,/scans/2024/09/STU00004_01.png
STU-00045 ,51.1,180.6,53.6,25.1,samsung,SG-09,/scans/2024/04/STU-00045 _02.png
STU-00352,55.5,194.3,57.5,28.2,Philips Healthcare,SG-04,/scans/2024/11/STU-00352_01.png
STU-00234,60.9,209.9,69.5,33.6,Canon,SG-10,/scans/2025/12/STU-00234_02.png
STU-00378 ,74.7,256.6,74.8,41.9,Philips Healthcare,SG-04,/scans/2024/01/STU-00378 _02.png
STU-00359,82.5,294.0,87.5,55.1,Canon,SG-12,/scans/2024/07/STU-00359_02.png
STU-00321,51.5,188.6,49.4,28.7,canon medical,SG-09,/scans/2024/08/STU-00321_03.png
 STU-00184,59.6,205.1,70.8,39.5,Canon Medical,SG-03,/scans/2024/03/ STU-00184_01.png
STU-00208,63.3,217.5,64.9,35.1,canon medical,SG-03,/scans/2024/02/STU-00208_02.png
 STU-00014,62.2,209.7,63.1,36.0,Philips Healthcare,SG-15,/scans/2024/09/ STU-00014_01.png
STU-00336,63.8,226.6,62.1,35.0,philips,SG-03,/scans/2024/11/STU-00336_02.png
STU-00317,54.9,196.4,63.2,30.9,Canon,SG-08,/scans/2024/09/STU-00317_03.png
STU-00431,74.8,263.8,77.7,40.0,Philips Healthcare,SG-08,/scans/2025/03/STU-00431_02.png
STU-00156,83.4,297.1,89.6,52.6,Canon Medical,SG-03,/scans/2025/01/STU-00156_01.png
STU-00285,76.3,260.8,73.8,43.8,canon medical,SG-14,/scans/2024/11/STU-00285_02.png
STU-00358 ,61.4,217.3,58.4,36.7,canon medical,SG-13,/scans/2024/02/STU-00358 _02.png
STU-00232,59.9,218.3,60.5,36.1,Canon,SG-11,
 STU-00112,87.8,313.7,84.2,47.3,Philips Healthcare,SG-11,/scans/2024/11/ STU-00112_02.png
STU-00276,69.6,245.0,72.9,40.1,canon medical,SG-13,/scans/2024/03/STU-00276_03.png
stu-00217,91.3,325.2,88.9,58.1,PHILIPS,SG-13,/scans/2025/05/stu-00217_03.png
STU-00037,55.3,197.8,46.9,26.3,ge healthcare,SG-13,/scans/2024/05/STU-00037_03.png
STU-00221,71.7,253.0,79.7,42.4,Canon,SG-15,/scans/2024/05/STU-00221_03.png
STU-00104,78.8,276.3,75.5,43.6,G.E. Healthcare,SG-03,/scans/2025/07/STU-00104_01.png
STU-00345,71.0,258.4,71.7,44.6,Samsung Medison,SG-03,/scans/2024/12/STU-00345_01.png
STU-00381,62.9,218.6,65.8,36.7,Canon,SG-13,/scans/2025/05/STU-00381_01.png
STU-00116,62.0,215.6,67.1,32.2,canon medical,SG-14,/scans/2024/08/STU-00116_02.png
STU-00186,65.8,232.7,63.4,36.1,ge healthcare,SG-08,/scans/2024/09/STU-00186_01.png
STU-00133,54.7,190.7,47.9,29.1,canon medical,SG-02,/scans/2025/04/STU-00133_01.png
STU-00273,58.5,203.0,61.3,30.6,Canon,SG-10,/scans/2025/04/STU-00273_02.png
STU-00411,58.6,211.5,57.0,34.4,canon medical,SG-12,/scans/2025/04/STU-00411_01.png
 STU-00302,75.0,264.2,75.2,44.4,Philips,SG-11,/scans/2025/08/ STU-00302_02.png
STU-00153,75.3,264.3,81.9,45.1,samsung,SG-07,/scans/2025/12/STU-00153_01.png
STU-00224,58.7,210.9,55.4,28.0,Canon,SG-11,/scans/2025/08/STU-00224_03.png
STU-00243,56.1,197.9,59.6,30.8,G.E. Healthcare,SG-14,/scans/2024/06/STU-00243_01.png
STU-00103,65.2,225.5,65.2,39.0,Canon Medical,SG-07,/scans/2025/06/STU-00103_02.png
STU-00123,87.7,313.2,84.3,51.4,PHILIPS,SG-13,/scans/2025/10/STU-00123_02.png
STU-00383,61.8,212.2,65.8,37.0,Philips Healthcare,SG-15,/scans/2024/01/STU-00383_02.png
STU-00439,44.7,156.5,41.9,25.7,Canon,SG-08,/scans/2024/05/STU-00439_03.png
STU-00443,60.4,210.7,49.2,33.1,ge healthcare,SG-05,/scans/2025/05/STU-00443_01.png
STU-00350,74.1,253.9,77.3,43.3,canon medical,SG-07,/scans/2024/04/STU-00350_03.png
stu-00064,53.0,182.1,51.9,25.1,G.E. Healthcare,SG-07,/scans/2025/08/stu-00064_01.png
STU-00274,78.4,267.1,77.6,40.6,samsung,SG-07,/scans/2025/07/STU-00274_01.png
STU-00435,57.4,194.6,57.8,30.7,philips,SG-10,/scans/2025/11/STU-00435_01.png
STU-00157,61.7,215.1,54.5,32.1,ge healthcare,SG-15,/scans/2025/06/STU-00157_03.png
 STU-00175,66.2,226.6,58.8,38.4,philips,SG-11,/scans/2025/01/ STU-00175_03.png
STU-00012,44.0,157.2,45.6,20.9,ge healthcare,SG-15,/scans/2025/04/STU-00012_03.png
STU-00432,74.0,255.7,79.0,45.4,Samsung Medison,SG-01,/scans/2025/12/STU-00432_02.png
STU-00292,69.2,242.5,79.3,40.1,philips,SG-01,/scans/2025/01/STU-00292_01.png
STU-00238,85.9,299.2,84.7,48.2,philips,SG-06,/scans/2025/07/STU-00238_01.png
STU-00189,69.5,240.2,71.4,40.8,samsung,SG-13,/scans/2024/02/STU-00189_03.png
STU-00399,61.9,211.5,61.9,31.3,Samsung Medison,SG-12,/scans/2024/06/STU-00399_02.png
STU-00131,68.3,241.8,70.2,39.8,Philips Healthcare,SG-06,/scans/2024/11/STU-00131_02.png
STU-00132,79.1,277.7,83.5,44.2,GE,SG-04,/scans/2024/02/STU-00132_02.png
STU-00305,60.1,207.4,54.8,32.6,Philips,SG-14,/scans/2025/11/STU-00305_02.png
STU-00061,62.1,214.0,69.4,34.7,philips,SG-02,/scans/2024/03/STU-00061_03.png
STU-00135,71.3,250.3,87.1,48.7,ge healthcare,SG-14,/scans/2025/06/STU-00135_03.png
STU-00306,92.5,319.6,104.1,55.3,philips,SG-07,/scans/2025/08/STU-00306_03.png
STU-00344,78.3,276.7,79.0,44.1,Canon Medical,SG-08,/scans/2024/01/STU-00344_02.png
STU-00079,54.0,189.2,46.2,29.8,samsung,SG-11,/scans/2025/02/STU-00079_01.png
STU-00231,37.4,135.0,37.6,16.8,samsung,SG-15,/scans/2024/04/STU-00231_01.png
STU-00110,63.7,219.5,59.0,38.9,PHILIPS,SG-01,/scans/2024/07/STU-00110_02.png
STU-00096,56.9,198.1,60.6,30.4,Samsung Medison,SG-14,/scans/2024/10/STU-00096_02.png
STU-00330,53.3,183.5,56.4,30.7,Philips Healthcare,SG-15,/scans/2024/05/STU-00330_03.png
stu-00367,76.5,269.9,84.5,39.9,Philips Healthcare,SG-11,/scans/2024/05/stu-00367_01.png
STU-00223,70.2,250.3,61.1,37.4,Canon Medical,SG-08,/scans/2025/01/STU-00223_02.png
STU-00024,69.2,245.7,66.5,36.1,canon medical,SG-13,/scans/2025/08/STU-00024_03.png
STU-00235,59.1,206.3,57.1,32.9,philips,SG-11,/scans/2024/09/STU-00235_02.png
STU-00284,65.2,229.6,69.0,38.5,Samsung,SG-10,/scans/2024/07/STU-00284_03.png
STU-00187,58.4,200.7,57.7,35.5,GE Healthcare,SG-02,/scans/2024/09/STU-00187_03.png
STU-00002,39.7,136.8,37.7,18.6,Philips Healthcare,SG-14,/scans/2024/11/STU-00002_01.png
STU-00225,54.3,190.7,57.0,30.6,Samsung Medison,SG-13,/scans/2025/02/STU-00225_03.png
STU-00198,79.1,274.9,84.3,47.0,Samsung Medison,SG-11,/scans/2024/09/STU-00198_03.png
STU-00041 ,61.4,216.6,60.8,32.6,Samsung,SG-10,/scans/2025/05/STU-00041 _03.png
stu-00115,66.4,234.4,65.4,38.1,samsung,SG-08,/scans/2024/10/stu-00115_02.png
STU-00212,62.2,218.4,61.8,37.3,samsung,SG-03,/scans/2025/08/STU-00212_02.png
STU-00291,53.1,189.4,55.8,28.4,GE,SG-07,/scans/2024/12/STU-00291_02.png
STU-00442,62.3,223.0,72.8,37.7,philips,SG-03,/scans/2024/10/STU-00442_02.png
stu-00058,58.9,207.1,56.2,31.3,Samsung,SG-09,/scans/2025/02/stu-00058_03.png
STU-00005,59.1,202.4,62.4,32.3,Canon Medical,SG-12,/scans/2024/11/STU-00005_03.png
STU-00315,48.9,176.1,45.2,24.6,ge healthcare,SG-08,/scans/2024/02/STU-00315_01.png
STU-00108,63.0,223.6,66.4,32.6,canon medical,SG-07,/scans/2024/05/STU-00108_02.png
STU-00294,55.5,190.3,54.9,33.7,GE,SG-14,/scans/2025/05/STU-00294_03.png
STU-00171,51.5,184.5,63.9,30.7,samsung,SG-08,/scans/2025/08/STU-00171_02.png
STU-00109,71.3,251.6,75.2,43.9,Samsung Medison,SG-14,/scans/2024/07/STU-00109_01.png
STU-00090,93.2,323.1,91.2,53.4,G.E. Healthcare,SG-09,/scans/2025/11/STU-00090_03.png
STU-00282,67.4,234.6,67.7,40.3,Philips,SG-03,/scans/2024/07/STU-00282_03.png
STU-00392,54.1,190.1,55.9,28.2,Canon,SG-06,/scans/2025/01/STU-00392_01.png
STU-00177 ,50.0,182.2,41.9,23.9,Canon Medical,SG-14,/scans/2024/11/STU-00177 _02.png
STU-00138,58.6,197.4,58.9,33.0,Samsung Medison,SG-07,/scans/2024/01/STU-00138_03.png
STU-00158,68.0,237.8,74.4,40.7,Philips Healthcare,SG-14,/scans/2024/02/STU-00158_02.png
STU-00172,52.5,184.6,59.1,29.3,samsung,SG-11,/scans/2024/05/STU-00172_02.png
STU-00007,73.0,256.2,81.8,47.1,Canon,SG-14,/scans/2024/12/STU-00007_02.png
STU-00351,39.6,140.9,37.4,19.8,GE,SG-04,/scans/2025/06/STU-00351_02.png
STU-00095,68.0,240.1,70.5,37.0,Canon,SG-15,/scans/2024/12/STU-00095_02.png
STU-00339,50.0,177.2,47.2,24.6,Canon,SG-08,/scans/2025/06/STU-00339_03.png
STU-00162,80.9,281.3,82.8,52.5,Canon Medical,SG-04,/scans/2024/01/STU-00162_02.png
STU-00272,37.5,129.1,36.5,19.0,philips,SG-05,/scans/2025/12/STU-00272_03.png
 STU-00230,68.4,239.2,80.4,40.8,Samsung,SG-14,/scans/2024/12/ STU-00230_01.png
STU-00087,39.6,137.6,37.3,18.7,Samsung Medison,SG-12,/scans/2025/05/STU-00087_01.png
STU-00387,76.3,274.3,74.7,42.7,PHILIPS,SG-13,/scans/2025/03/STU-00387_02.png
STU-00076,63.2,225.7,61.3,37.0,G.E. Healthcare,SG-07,/scans/2024/05/STU-00076_02.png
STU-00429,62.7,219.1,56.1,31.5,philips,SG-04,/scans/2025/11/STU-00429_02.png
STU-00423,57.6,201.6,57.6,30.4,philips,SG-14,/scans/2024/03/STU-00423_01.png
STU-00092,67.2,232.8,74.5,42.2,canon medical,SG-12,/scans/2025/09/STU-00092_02.png
STU-00382,75.6,268.2,83.5,47.0,samsung,SG-04,/scans/2024/04/STU-00382_01.png
STU-00069,46.6,161.2,51.8,24.2,samsung,SG-07,/scans/2025/10/STU-00069_03.png
STU-00015,79.6,281.0,86.9,48.5,Philips Healthcare,SG-15,/scans/2024/02/STU-00015_01.png
STU-00098,67.4,236.8,81.1,41.0,Philips,SG-03,/scans/2025/05/STU-00098_02.png
STU-00287,61.0,211.8,62.4,32.6,Philips,SG-13,/scans/2025/02/STU-00287_02.png
STU-00019,83.5,292.1,92.4,48.8,Samsung,SG-10,/scans/2025/02/STU-00019_02.png
STU-00439,41.8,152.4,45.3,19.8,Canon,SG-06,/scans/2024/05/STU-00439_01.png
STU-00346,69.1,235.7,67.4,39.8,samsung,SG-10,/scans/2025/05/STU-00346_02.png
 STU-00309,43.2,149.8,47.9,28.1,Philips,SG-14,/scans/2024/09/ STU-00309_02.png
STU-00364,51.8,190.3,56.0,31.0,Canon,SG-06,/scans/2025/11/STU-00364_02.png
STU-00159,66.3,235.9,68.4,39.9,GE Healthcare,SG-04,/scans/2025/08/STU-00159_01.png
STU-00105,67.4,234.0,69.9,39.1,Samsung,SG-04,/scans/2025/10/STU-00105_03.png
STU-00107,72.0,253.0,83.0,44.0,Samsung Medison,SG-14,/scans/2025/04/STU-00107_03.png
STU-00388,61.3,217.4,66.7,35.4,G.E. Healthcare,SG-08,/scans/2025/11/STU-00388_01.png
STU-00160,59.3,206.1,65.1,34.6,Samsung,SG-11,/scans/2024/01/STU-00160_02.png
STU-00420,80.4,285.2,74.0,45.9,Samsung,SG-05,/scans/2024/08/STU-00420_03.png
STU-00125,43.9,157.9,42.5,29.6,GE,SG-03,/scans/2024/06/STU-00125_03.png
STU-00409,75.0,262.8,69.1,43.5,Samsung Medison,SG-03,/scans/2024/07/STU-00409_03.png
STU-00437,77.6,266.9,69.3,39.0,philips,SG-05,/scans/2025/04/STU-00437_02.png
STU-00150,80.1,284.5,82.5,47.4,PHILIPS,SG-04,/scans/2025/10/STU-00150_01.png
STU-00006,55.6,189.5,64.9,38.8,Philips,SG-01,/scans/2025/02/STU-00006_01.png
STU-00047,69.0,250.9,73.5,42.0,Samsung Medison,SG-14,
STU-00117,64.9,234.2,68.2,39.4,GE,SG-04,
STU-00228,61.2,215.8,59.1,36.3,PHILIPS,SG-15,/scans/2025/02/STU-00228_02.png
STU-00145,59.9,210.1,57.6,33.2,Samsung,SG-13,/scans/2024/03/STU-00145_02.png
STU-00218,36.1,124.6,38.4,17.7,GE,SG-15,/scans/2025/05/STU-00218_01.png
STU-00137,76.5,274.7,83.9,47.2,Philips Healthcare,SG-11,/scans/2024/04/STU-00137_01.png
STU-00268,54.2,186.5,55.3,29.2,samsung,SG-10,/scans/2024/07/STU-00268_03.png
STU-00084,53.9,187.3,47.3,32.9,philips,SG-15,/scans/2025/02/STU-00084_01.png
STU-00430,74.3,264.2,78.3,44.3,Samsung Medison,SG-04,/scans/2024/01/STU-00430_03.png
STU-00119,58.2,204.7,61.9,33.4,Canon Medical,SG-04,/scans/2025/09/STU-00119_03.png
STU-00343,61.8,207.6,68.0,32.8,GE Healthcare,SG-04,/scans/2025/05/STU-00343_02.png
STU00360,73.6,260.5,73.5,42.5,Philips,SG-14,/scans/2025/12/STU00360_01.png
STU-00214,72.8,259.7,73.3,43.4,philips,SG-10,/scans/2025/04/STU-00214_02.png
STU-00192,56.3,201.5,56.2,36.5,Philips,SG-06,/scans/2024/09/STU-00192_02.png
STU-00286,52.9,183.6,47.3,25.9,Canon Medical,SG-15,/scans/2025/11/STU-00286_01.png
STU-00288 ,71.2,249.8,82.8,43.8,canon medical,SG-03,/scans/2025/10/STU-00288 _03.png
STU-00249,62.9,225.2,68.2,44.4,GE,SG-04,/scans/2024/03/STU-00249_01.png
STU-00362,61.1,211.9,60.3,34.7,Philips,SG-04,/scans/2024/09/STU-00362_02.png
STU-00010,65.9,229.4,72.8,41.9,GE,SG-11,/scans/2025/11/STU-00010_01.png
 STU-00048,55.3,198.7,60.4,38.9,Samsung Medison,SG-11,/scans/2024/01/ STU-00048_03.png
STU-00311,60.4,206.7,51.7,34.3,Samsung Medison,SG-03,/scans/2024/06/STU-00311_02.png
STU-00444,67.3,231.1,58.3,29.3,Canon,SG-06,/scans/2025/08/STU-00444_02.png
STU-00447,64.1,225.3,62.0,33.1,Philips Healthcare,SG-11,/scans/2024/03/STU-00447_01.png
STU-00038,66.6,233.9,69.7,40.0,Samsung Medison,SG-09,/scans/2025/10/STU-00038_02.png
STU-00052,76.9,271.3,80.8,46.0,G.E. Healthcare,SG-05,/scans/2024/11/STU-00052_03.png
STU-00151,62.8,218.9,63.5,36.7,samsung,SG-07,/scans/2025/02/STU-00151_02.png
STU-00127,64.8,224.2,60.5,39.3,Philips Healthcare,SG-08,/scans/2024/12/STU-00127_02.png
STU-00320,66.8,233.6,58.5,38.9,canon medical,SG-12,/scans/2025/01/STU-00320_03.png
STU-00322,74.0,257.7,75.5,44.4,Samsung,SG-02,/scans/2025/09/STU-00322_01.png
STU-00341,73.5,257.2,69.3,43.0,canon medical,SG-11,/scans/2024/04/STU-00341_02.png
STU-00205,90.0,314.4,100.3,59.9,Canon,SG-11,/scans/2025/10/STU-00205_01.png
STU-00264,58.1,201.0,60.0,32.0,samsung,SG-11,/scans/2024/03/STU-00264_03.png
STU-00144,40.1,136.8,45.6,20.8,Samsung Medison,SG-14,/scans/2025/02/STU-00144_02.png
STU-00417,33.7,118.2,32.8,16.3,Canon Medical,SG-05,/scans/2024/05/STU-00417_01.png
STU00391,61.3,215.0,60.4,35.4,G.E. Healthcare,SG-08,/scans/2024/05/STU00391_03.png
STU00111,58.0,200.1,61.6,33.1,Samsung Medison,SG-12,/scans/2024/04/STU00111_02.png
STU-00009,41.2,138.7,48.8,22.6,Canon,SG-12,/scans/2024/01/STU-00009_02.png
STU-00363,63.7,231.3,65.3,36.0,GE Healthcare,SG-08,/scans/2025/01/STU-00363_02.png
STU-00426,68.5,241.4,69.7,38.2,Canon,SG-09,/scans/2024/10/STU-00426_01.png
STU-00413 ,60.5,212.0,63.8,34.5,Canon Medical,SG-09,/scans/2024/06/STU-00413 _02.png
STU-00199,61.2,216.4,73.8,37.3,canon medical,SG-09,/scans/2025/10/STU-00199_03.png
STU-00241,72.8,254.5,80.2,44.5,samsung,SG-13,/scans/2025/07/STU-00241_03.png
STU-00022,57.3,196.9,61.4,27.4,PHILIPS,SG-04,/scans/2025/04/STU-00022_03.png
STU-00422,74.4,260.6,82.0,39.9,G.E. Healthcare,SG-04,/scans/2025/08/STU-00422_02.png
 STU-00280,46.5,160.9,48.5,23.3,Samsung,SG-06,/scans/2025/04/ STU-00280_02.png
STU-00385,58.9,204.7,60.1,29.0,canon medical,SG-13,/scans/2024/10/STU-00385_02.png
STU-00441,79.4,275.8,86.2,49.0,GE Healthcare,SG-13,/scans/2025/08/STU-00441_03.png
STU-00325,76.3,274.0,79.4,44.5,ge healthcare,SG-08,/scans/2025/12/STU-00325_02.png
STU-00083,60.1,210.2,58.2,33.1,samsung,SG-15,/scans/2024/06/STU-00083_03.png
STU-00049,72.1,256.6,71.3,39.8,PHILIPS,SG-05,/scans/2025/03/STU-00049_02.png
STU-00380 ,70.9,250.7,71.4,34.9,GE Healthcare,SG-04,/scans/2024/06/STU-00380 _02.png
STU-00402,69.4,248.8,76.4,40.4,GE,SG-14,/scans/2025/01/STU-00402_03.png
STU-00357,68.3,239.8,85.1,39.6,Philips Healthcare,SG-13,/scans/2025/01/STU-00357_03.png
STU-00408,73.3,260.7,73.4,41.0,Philips,SG-12,
STU-00227,74.7,260.2,78.2,43.4,samsung,SG-10,/scans/2024/10/STU-00227_02.png
STU-00403,73.3,259.4,75.2,45.7,Samsung,SG-12,
STU-00256,58.6,205.7,64.2,33.7,ge healthcare,SG-06,/scans/2024/02/STU-00256_03.png
STU-00139,69.9,244.5,76.7,39.3,canon medical,SG-04,/scans/2025/12/STU-00139_01.png
STU-00209,61.3,212.5,66.6,33.8,Samsung,SG-12,/scans/2025/10/STU-00209_03.png
STU-00407,63.0,219.7,66.9,33.8,GE Healthcare,SG-07,/scans/2025/08/STU-00407_02.png
STU-00114,59.0,205.5,64.9,30.1,GE Healthcare,SG-01,/scans/2025/10/STU-00114_03.png
STU-00440,60.9,217.6,72.2,40.4,GE Healthcare,SG-15,/scans/2024/01/STU-00440_01.png
STU-00068,61.7,221.4,69.1,41.3,samsung,SG-06,/scans/2024/06/STU-00068_02.png
STU-00300,54.2,193.7,54.0,28.1,canon medical,SG-11,/scans/2025/06/STU-00300_03.png
STU-00097,79.7,269.6,87.8,42.6,Philips,SG-03,/scans/2025/12/STU-00097_03.png
STU-00252,56.9,189.9,61.2,33.4,canon medical,SG-09,/scans/2025/08/STU-00252_02.png
STU-00067,67.6,237.4,80.4,41.2,G.E. Healthcare,SG-06,/scans/2024/11/STU-00067_03.png
STU-00001,70.0,250.5,68.0,39.9,samsung,SG-15,/scans/2024/03/STU-00001_02.png
STU-00028,75.5,269.1,78.5,45.4,ge healthcare,SG-14,/scans/2024/07/STU-00028_01.png
STU-00421,75.9,267.0,79.6,44.6,philips,SG-13,/scans/2025/05/STU-00421_02.png
STU-00257,64.3,228.7,70.4,38.1,G.E. Healthcare,SG-09,/scans/2024/06/STU-00257_02.png
STU-00185,62.4,209.9,63.8,32.4,GE Healthcare,SG-08,/scans/2025/08/STU-00185_03.png
STU00195,71.1,251.8,69.2,38.0,Canon Medical,SG-04,/scans/2025/01/STU00195_01.png
STU-00154,61.1,217.8,57.6,33.0,Samsung Medison,SG-02,/scans/2025/07/STU-00154_03.png
STU-00246,82.4,286.0,83.1,47.5,GE Healthcare,SG-12,/scans/2025/08/STU-00246_02.png
STU-00404,44.0,145.9,50.8,26.2,Canon,SG-01,/scans/2024/09/STU-00404_02.png
STU-00401,78.2,268.1,82.2,48.9,Canon Medical,SG-13,/scans/2024/02/STU-00401_01.png
STU-00384,68.8,240.8,73.8,37.6,Philips,SG-13,/scans/2025/06/STU-00384_03.png
STU-00164,77.1,271.7,78.2,46.6,Samsung,SG-02,/scans/2024/12/STU-00164_02.png
STU-00149,70.2,247.7,74.9,41.8,philips,SG-01,/scans/2025/04/STU-00149_01.png
STU-00281,58.4,210.5,59.5,29.2,Samsung,SG-02,/scans/2025/07/STU-00281_03.png
STU-00063,85.2,304.3,95.6,54.4,Canon Medical,SG-14,/scans/2024/09/STU-00063_02.png
STU-00210,73.4,265.4,71.0,40.1,canon medical,SG-11,/scans/2025/10/STU-00210_03.png
STU00374,63.9,220.2,58.6,33.5,Canon,SG-10,/scans/2024/07/STU00374_03.png
STU-00216,52.1,177.9,42.1,27.9,samsung,SG-06,/scans/2024/04/STU-00216_01.png
STU-00395,56.5,203.5,63.2,33.5,Samsung,SG-05,/scans/2025/06/STU-00395_01.png
STU-00155,82.8,296.1,90.5,50.8,GE,SG-12,/scans/2024/03/STU-00155_03.png
STU-00128,56.3,189.9,64.1,36.7,Canon,SG-11,/scans/2024/11/STU-00128_01.png
STU-00319,64.0,224.3,67.3,42.2,ge healthcare,SG-09,/scans/2025/01/STU-00319_03.png
STU-00017 ,62.3,212.8,57.9,32.7,Samsung Medison,SG-09,/scans/2024/10/STU-00017 _02.png
STU-00233,65.7,234.0,68.7,37.3,samsung,SG-10,/scans/2024/04/STU-00233_02.png
STU-00405,52.7,186.0,54.1,30.8,Canon Medical,SG-06,/scans/2024/02/STU-00405_01.png
STU-00237,64.2,222.4,62.4,37.2,GE,SG-02,/scans/2025/09/STU-00237_01.png
STU-00316,50.0,180.0,50.6,24.0,Canon,SG-07,
STU00446,66.0,232.3,70.9,38.5,Samsung Medison,SG-07,/scans/2024/09/STU00446_01.png
STU-00353,59.0,207.5,55.8,33.1,Philips,SG-01,/scans/2024/11/STU-00353_03.png
STU-00102 ,65.9,230.8,69.7,42.6,G.E. Healthcare,SG-02,/scans/2024/08/STU-00102 _01.png
STU-00130,54.5,185.5,55.3,32.6,Samsung Medison,SG-03,/scans/2025/05/STU-00130_03.png
STU-00066,48.8,172.2,57.6,31.9,Samsung Medison,SG-02,/scans/2024/07/STU-00066_02.png
STU-00086,63.4,220.7,57.4,36.0,Samsung Medison,SG-07,/scans/2024/06/STU-00086_01.png
STU-00450,79.5,275.6,80.6,43.9,ge healthcare,SG-07,/scans/2025/07/STU-00450_01.png
stu-00333,76.7,269.3,79.8,48.0,Samsung Medison,SG-11,/scans/2025/08/stu-00333_03.png
STU-00060,56.8,195.5,58.9,33.9,samsung,SG-03,/scans/2025/03/STU-00060_01.png
STU-00020,55.4,192.2,53.3,30.4,philips,SG-08,/scans/2025/03/STU-00020_01.png
STU-00091,66.0,231.1,62.5,36.2,canon medical,SG-15,/scans/2025/11/STU-00091_02.png
STU-00335,67.8,238.6,67.1,38.3,Canon Medical,SG-15,/scans/2024/04/STU-00335_01.png
STU-00253,56.5,203.8,60.6,29.6,samsung,SG-07,/scans/2024/12/STU-00253_02.png
 STU-00141,55.9,193.7,58.4,31.6,ge healthcare,SG-04,/scans/2024/05/ STU-00141_03.png
STU-00324,65.9,235.1,63.6,34.6,GE,SG-03,/scans/2025/05/STU-00324_02.png
STU-00036,71.9,247.3,68.2,39.6,PHILIPS,SG-10,/scans/2024/03/STU-00036_03.png
STU-00304,71.2,250.4,72.1,45.3,Canon Medical,SG-11,/scans/2024/07/STU-00304_02.png
STU-00143 ,65.0,225.3,70.0,37.9,canon medical,SG-13,/scans/2025/08/STU-00143 _03.png
STU-00261,61.7,216.2,65.4,31.8,GE Healthcare,SG-11,/scans/2025/01/STU-00261_02.png
STU-00081,56.7,192.4,71.3,39.7,GE Healthcare,SG-09,/scans/2025/01/STU-00081_03.png
STU-00027,46.1,163.4,44.7,24.1,ge healthcare,SG-07,/scans/2024/05/STU-00027_03.png
STU-00296,56.0,199.6,62.2,36.4,ge healthcare,SG-05,/scans/2024/12/STU-00296_03.png
STU-00046,65.8,238.8,62.6,35.0,Canon,SG-02,/scans/2024/07/STU-00046_03.png
STU-00101,81.5,284.2,84.6,49.6,Samsung Medison,SG-05,/scans/2025/04/STU-00101_01.png
STU-00088,57.8,192.3,63.3,34.0,samsung,SG-14,/scans/2024/12/STU-00088_03.png
 STU-00259,51.1,175.2,53.1,32.4,PHILIPS,SG-02,/scans/2025/02/ STU-00259_03.png
STU-00379,68.4,237.9,66.3,36.0,philips,SG-02,/scans/2024/12/STU-00379_02.png
STU-00373,53.8,185.3,62.9,33.3,canon medical,SG-05,/scans/2024/09/STU-00373_02.png
STU-00193,78.7,272.9,85.7,55.3,GE Healthcare,SG-09,/scans/2025/06/STU-00193_02.png
STU-00078,56.2,192.8,55.9,28.0,Samsung,SG-02,/scans/2025/04/STU-00078_03.png
STU-00386,63.9,223.2,73.5,40.0,GE Healthcare,SG-04,/scans/2024/07/STU-00386_03.png
STU-00255,66.1,223.8,66.7,38.7,ge healthcare,SG-10,/scans/2025/08/STU-00255_01.png
STU-00254,83.1,294.3,92.2,51.3,Philips,SG-03,/scans/2024/10/STU-00254_01.png
STU-00240,71.3,249.0,72.6,39.9,Samsung Medison,SG-09,/scans/2025/02/STU-00240_01.png
STU-00279,58.6,201.7,64.5,35.5,Philips Healthcare,SG-15,/scans/2024/12/STU-00279_01.png
STU-00140,65.4,227.0,72.6,38.9,Philips Healthcare,SG-14,/scans/2024/04/STU-00140_03.png
STU00303,72.2,251.5,85.1,43.7,Samsung,SG-15,/scans/2025/04/STU00303_01.png
 STU-00053,62.0,224.5,65.9,31.1,Canon Medical,SG-01,/scans/2024/08/ STU-00053_03.png
STU00215,58.5,199.8,58.8,30.7,samsung,SG-01,/scans/2024/05/STU00215_02.png
STU-00438,56.9,203.6,61.8,31.6,samsung,SG-10,/scans/2025/07/STU-00438_02.png
STU-00436,69.7,246.6,72.8,40.6,PHILIPS,SG-06,/scans/2024/07/STU-00436_02.png
STU-00137,76.5,265.0,77.2,46.7,Philips Healthcare,SG-13,/scans/2024/04/STU-00137_02.png
STU-00054,65.3,233.2,76.4,38.3,ge healthcare,SG-09,/scans/2024/09/STU-00054_01.png
STU-00245,68.6,241.1,67.6,42.4,PHILIPS,SG-13,/scans/2025/10/STU-00245_03.png
STU-00056,73.3,260.8,63.3,38.4,GE Healthcare,SG-02,/scans/2024/02/STU-00056_02.png
STU-00085,46.6,169.2,51.2,24.0,Samsung Medison,SG-11,/scans/2024/05/STU-00085_03.png
STU-00033,61.7,211.7,68.6,36.5,ge healthcare,SG-02,/scans/2025/12/STU-00033_02.png
STU00126,69.2,235.2,71.2,37.6,Canon,SG-10,/scans/2025/07/STU00126_02.png
STU-00219,72.6,256.9,73.4,39.4,PHILIPS,SG-06,/scans/2025/09/STU-00219_01.png
STU-00361,69.9,246.3,75.8,40.5,Canon Medical,SG-04,/scans/2025/09/STU-00361_01.png
stu-00310,67.1,238.0,76.3,42.5,Canon Medical,SG-14,/scans/2025/02/stu-00310_01.png
STU-00204,62.3,217.0,70.4,37.3,canon medical,SG-11,
STU-00093,69.7,243.1,75.7,43.1,philips,SG-12,/scans/2024/01/STU-00093_01.png
STU-00334,49.7,169.9,53.9,29.1,PHILIPS,SG-07,/scans/2025/09/STU-00334_02.png
STU-00332,43.3,153.9,47.3,24.1,ge healthcare,SG-01,/scans/2025/12/STU-00332_03.png
STU-00262,57.4,202.7,55.9,30.9,canon medical,SG-04,
STU-00393,81.8,281.7,87.6,51.0,GE,SG-01,/scans/2025/03/STU-00393_02.png
STU-00062,63.9,227.6,67.9,36.7,GE Healthcare,SG-04,/scans/2025/03/STU-00062_01.png
STU-00035,50.2,173.6,56.3,29.0,Samsung,SG-05,/scans/2024/11/STU-00035_01.png
STU-00040,39.6,141.3,37.5,21.2,Philips Healthcare,SG-12,/scans/2025/05/STU-00040_03.png
STU-00370,74.6,261.4,79.7,40.6,Canon,SG-10,/scans/2024/10/STU-00370_02.png
STU-00055,57.9,215.7,54.2,31.4,Samsung Medison,SG-09,/scans/2024/04/STU-00055_03.png
STU-00375,58.6,212.1,59.0,30.0,GE,SG-11,/scans/2025/09/STU-00375_02.png
STU-00267,59.8,209.6,69.5,35.4,Canon Medical,SG-04,/scans/2024/01/STU-00267_02.png
STU-00106,65.8,232.4,57.2,32.3,canon medical,SG-02,/scans/2024/01/STU-00106_01.png
STU-00203,69.7,241.7,77.5,37.5,samsung,SG-02,/scans/2024/06/STU-00203_03.png
 STU-00173,77.4,273.9,77.3,46.6,Samsung,SG-09,/scans/2024/08/ STU-00173_01.png
STU-00301,77.1,270.9,86.1,44.6,PHILIPS,SG-01,/scans/2025/06/STU-00301_02.png
stu-00120,55.3,196.2,46.1,25.0,Canon Medical,SG-02,/scans/2024/10/stu-00120_01.png
STU-00129,56.5,201.6,57.8,26.8,PHILIPS,SG-02,/scans/2025/11/STU-00129_02.png
STU-00418,72.6,250.9,73.0,39.5,Samsung Medison,SG-04,/scans/2024/03/STU-00418_03.png
STU-00227,70.7,251.4,72.6,39.6,samsung,SG-04,/scans/2024/10/STU-00227_02.png
STU-00295,55.5,193.3,58.7,38.5,Samsung Medison,SG-09,/scans/2024/10/STU-00295_01.png
STU00328,74.6,254.5,72.3,44.1,ge healthcare,SG-07,/scans/2025/08/STU00328_01.png
STU-00050 ,52.6,188.6,53.8,35.1,Samsung Medison,SG-11,/scans/2024/04/STU-00050 _03.png
STU-00222,52.0,174.8,49.6,22.2,GE Healthcare,SG-12,/scans/2025/08/STU-00222_02.png
STU-00445,68.1,239.1,68.8,39.6,Philips,SG-09,/scans/2024/11/STU-00445_03.png
STU-00100,69.7,242.5,68.7,39.2,Philips Healthcare,SG-01,/scans/2024/01/STU-00100_02.png
STU-00168,85.7,302.7,88.4,51.3,Philips Healthcare,SG-15,/scans/2025/12/STU-00168_02.png
STU-00271,72.5,258.8,74.7,41.5,GE Healthcare,SG-11,/scans/2024/01/STU-00271_01.png
STU-00371,62.4,219.8,62.8,34.5,samsung,SG-13,/scans/2025/03/STU-00371_02.png
STU00080,63.1,215.9,66.2,36.9,GE,SG-04,/scans/2025/09/STU00080_01.png
STU-00307,72.8,259.1,77.9,42.1,canon medical,SG-01,/scans/2025/12/STU-00307_02.png
STU00023,76.1,264.6,74.3,44.6,Canon,SG-14,/scans/2025/12/STU00023_02.png
STU-00077,59.0,212.9,61.1,36.7,canon medical,SG-13,/scans/2024/01/STU-00077_02.png
stu-00016,48.1,169.6,52.4,25.1,philips,SG-06,/scans/2025/11/stu-00016_03.png
STU-00174,82.3,294.8,75.5,45.8,canon medical,SG-02,/scans/2025/06/STU-00174_02.png
