study_id,patient_id,clinic_id,maternal_age,risk_flag,birth_weight_g,outcome,gestational_age_weeks,delivery_context,scan_date_parsed,bpd_mm,hc_mm,ac_mm,fl_mm,sonographer_id,image_path,device_manufacturer_clean
STU-00180,PT-1180,CLN-06,18,N,,,30.0,{},2025-07-26,,,,,,,
STU-00030,PT-1030,CLN-04,20,yes,2869.0,LiveBirth,32.1,"{'twin': False, 'presentation': 'transverse'}",2024-09-06,,,,,,,
STU-00169,PT-1169,CLN-01,32,1,,,27.8,"{'twin': False, 'presentation': 'cephalic'}",2025-05-29,,,,,,,
STU-00229,PT-1229,CLN-01,20,,3461.0,LiveBirth,23.9,"{'twin': False, 'presentation': 'cephalic'}",2025-05-08,,,,,,,
STU-00121,PT-1121,CLN-07,40,N,3245.0,live_birth,-4.0,"{'twin': False, 'presentation': 'cephalic'}",2024-11-28,,,,,,,
STU-00146,PT-1146,CLN-06,35,N,2772.0,Live Birth ,29.29,{},2024-04-30,,,,,,,
STU-00043,PT-1043,CLN-04,39,1,3574.0,Live Birth ,23.29,"{'twin': False, 'presentation': 'breech'}",2025-11-10,,,,,,,
STU-00377,PT-1377,CLN-03,32,yes,3637.0,LiveBirth,23.14,{},2024-01-09,,,,,,,
STU-00178,PT-1178,CLN-06,19,0,3683.0,Stillbirth,16.0,{},2025-12-29,,,,,,,
STU-00220,PT-1220,CLN-05,18,no ,3189.0,live_birth,39.86,{},2025-08-27,,,,,,,
STU-00342,PT-1342,CLN-01,20,Normal,2551.0,live_birth,22.14,{},2025-02-09,,,,,,,
STU-00327,PT-1327,CLN-04,25,no ,,,26.0,{},2024-12-12,,,,,,,
STU-00366,PT-1366,CLN-06,22,Y,3017.0,Live birth,27.86,{},2025-10-13,,,,,,,
STU-00270,PT-1270,CLN-07,34,no ,3487.0,Live birth,24.5,{},2024-10-19,,,,,,,
STU-00065,PT-1065,CLN-04,35,,,,20.86,{},2024-11-13,,,,,,,
STU-00372,PT-1372,CLN-02,27,y,,,24.14,{},2024-05-10,,,,,,,
STU-00419,PT-1419,CLN-02,34,Low,3280.0,Stillbirth,-4.0,{},2025-07-10,,,,,,,
STU-00142,PT-1142,CLN-03,35,N,,,,{},2025-10-23,,,,,,,
STU-00051,PT-1051,CLN-01,36,y,,,17.0,"{'twin': False, 'presentation': 'breech'}",2025-11-22,,,,,,,
STU-00394,PT-1394,CLN-05,19,y,2787.0,Live Birth ,17.29,"{'twin': False, 'presentation': 'breech'}",2024-07-03,,,,,,,
